<?xml version="1.0" encoding="UTF-8" ?>
<!DOCTYPE mapper
        PUBLIC "-//mybatis.org//DTD Mapper 3.0//EN"
        "http://mybatis.org/dtd/mybatis-3-mapper.dtd">
<mapper namespace="me.gzj.javatest.dao.IKVDao">
    <resultMap id="kv" type="me.gzj.javatest.entity.KV">
        <id property="id" column="id"/>
        <result property="k" column="k"/>
        <result property="v" column="v"/>
    </resultMap>

    <select id="selectKV"
            resultType="me.gzj.javatest.entity.KV" useCache="true">
        SELECT *
        FROM kv
        WHERE id = #{id}
    </select>

    <!--<select id="selectKVByName"-->
            <!--resultType="KV">-->
        <!--SELECT *-->
        <!--FROM kv-->
        <!--WHERE k = #{k}-->
    <!--</select>-->

    <insert id="insertKV"
            parameterType="me.gzj.javatest.entity.KV" keyProperty="id" useGeneratedKeys="true" flushCache="true">
        INSERT INTO kv (k, v) VALUES (#{k}, #{v})
    </insert>

    <!--<update id="updateKV">-->
        <!--UPDATE kv-->
        <!--SET v = #{v}-->
        <!--WHERE id = #{id}-->
    <!--</update>-->
    <!---->
    <!--<delete id="deleteKV">-->
        <!--DELETE FROM kv-->
        <!--WHERE id = #{id}-->
    <!--</delete>-->
</mapper>